"Number of MRMR features","Outcome","Number of training subjects","Lasso","Ridge","Elastic net","Random forest","KDPI"
"1","DGF","112",0.585096336671314,0.592934782608696,0.585096336671314,0.665257083536883,0.535028872282609
"2","DGF","112",0.516304347826087,0.505978260869565,0.514673913043478,0.876902173913043,0.47308561309233
"3","DGF","112",0.690400428614459,0.684628897672376,0.690449172980229,0.899181865909621,0.522369971796772
"4","DGF","112",0.7375,0.730702486308533,0.742407799240097,0.917226428920371,0.517929435327059
"5","DGF","112",0.770574712643678,0.78054457619675,0.773594642072903,0.909510869565217,0.529880324989021
"6","DGF","112",0.776630434782609,0.759798026518656,0.779891304347826,0.923390151515151,0.518672030707906
"7","DGF","112",0.783215130023641,0.801358695652174,0.784867190767944,0.92554347826087,0.517990808363479
"8","DGF","112",0.795675636475326,0.809163197051396,0.806922485726834,0.917011816804016,0.527267397642287
"9","DGF","112",0.816236778517958,0.820401342632049,0.817378279814341,0.919021739130435,0.512075705568269
"10","DGF","112",0.797658595140106,0.813341979578393,0.802990232411884,0.925,0.546905104747421
"11","DGF","112",0.796798461200635,0.807412619030044,0.80387022397892,0.926205802240724,0.525923295454546
"12","DGF","112",0.814559301981662,0.432073159848647,0.808261383492651,0.944157608695652,0.520217736876243
"13","DGF","112",0.812426228895861,0.829079140205178,0.821407638255464,0.936548913043478,0.534929318917669
"14","DGF","112",0.814653785772391,0.827308255984367,0.820108695652174,0.938315217391304,0.532727003845016
"15","DGF","112",0.836522412676743,0.844927507994113,0.841286942093855,0.927363564311594,0.541016499767609
"16","DGF","112",0.827780487699635,0.834773863068466,0.833285984848485,0.936684782608696,0.522871376811594
"17","DGF","112",0.829462640958313,0.825444121363097,0.829796653639472,0.938858695652174,0.511091692016576
"18","DGF","112",0.819370667752338,0.817602657004831,0.81274178491066,0.927038043478261,0.52958710861816
"19","DGF","112",0.816375655257478,0.827234964193186,0.804604137604085,0.935461956521739,0.526825600641595
"20","DGF","112",0.840638434151012,0.842681303394934,0.826828619015674,0.946059782608696,0.525650323058285
"21","DGF","112",0.838698521774432,0.833166842783428,0.834182678087958,0.947010869565217,0.513115700355053
"22","DGF","112",0.822430550429369,0.825551998423709,0.822495888580532,0.939809782608696,0.522448766295816
"23","DGF","112",0.838275063499178,0.847061746406127,0.822802552375497,0.94375,0.538486740672217
"24","DGF","112",0.840249045012778,0.847455416795148,0.824045747554968,0.940489130434783,0.520439852959818
"25","DGF","112",0.836234688383363,0.851075378718323,0.821889250687156,0.94320652173913,0.531205894193426
"26","DGF","112",0.834146492094862,0.838964177596017,0.819984841762792,0.948369565217391,0.522008916506199
"27","DGF","112",0.831915207635151,0.836186127297176,0.820651665038267,0.943129666227492,0.522144447047798
"28","DGF","112",0.827090147554929,0.85649154589372,0.826981361051286,0.945923913043478,0.526224387806097
"29","DGF","112",0.825620333772508,0.84445080932846,0.826034014438338,0.940489130434783,0.540765076053305
"30","DGF","112",0.828970706640144,0.858615167466925,0.84331338544211,0.949048913043478,0.516784799060565
"31","DGF","112",0.845527530695603,0.854039694699807,0.833715480244976,0.947743649242794,0.522289504557894
"32","DGF","112",0.843400542636483,0.863107295783926,0.839355362015229,0.943342391304348,0.516854405368636
"33","DGF","112",0.848954216073781,0.869439420781969,0.851452231343536,0.946467391304348,0.518894554696805
"34","DGF","112",0.83723336851424,0.866283790728749,0.84867399305561,0.943614130434783,0.528252035940234
"35","DGF","112",0.831126278262501,0.854633286791141,0.838405028173519,0.945108695652174,0.522178154587205
"36","DGF","112",0.835983140395746,0.86062643020595,0.835054347826087,0.942119565217391,0.537542910984289
"37","DGF","112",0.834782608695652,0.861240005387809,0.835517518302704,0.940217391304348,0.529927480145376
"38","DGF","112",0.872795251310515,0.837228260869565,0.834782608695652,0.941576086956522,0.539362523351909
"39","DGF","112",0.867510750119446,0.842747447299078,0.822974967579005,0.936548913043478,0.536814711028724
"40","DGF","112",0.881537005373718,0.843384070910216,0.84375116447177,0.936548913043478,0.535320935139391
"41","DGF","112",0.859245667114896,0.832826934485973,0.826494565217391,0.936277173913044,0.5386815260221
"42","DGF","112",0.862105339866636,0.8640625,0.831521739130435,0.936413043478261,0.523628566576087
"43","DGF","112",0.846195652173913,0.880810844577711,0.814339464882943,0.933288043478261,0.546233467699994
"44","DGF","112",0.869565217391304,0.869411506368028,0.847554347826087,0.937907608695652,0.539830371784796
"45","DGF","112",0.874230581338544,0.871135951910408,0.843118062800063,0.93804347826087,0.531139370463905
"46","DGF","112",0.864402173913043,0.883099840278809,0.857705389848247,0.942119565217391,0.533994975668653
"47","DGF","112",0.870541117784907,0.854024201459381,0.84769740129935,0.943885869565217,0.53305039579669
"48","DGF","112",0.871195652173913,0.865973454599231,0.852989130434783,0.937092391304348,0.528013775124633
"49","DGF","112",0.861141304347826,0.864945652173913,0.817934782608696,0.932201086956522,0.529236584671367
"50","DGF","112",0.866280743066457,0.873069900745722,0.84375,0.936548913043478,0.529584808584281
"51","DGF","112",0.872554347826087,0.880446008956473,0.840760869565217,0.940353260869565,0.544892911177849
"52","DGF","112",0.865217391304348,0.877581054833408,0.846739130434783,0.935869565217391,0.532164001295417
"53","DGF","112",0.855943264163373,0.87354619291046,0.834782608695652,0.928396739130435,0.544170467293907
"54","DGF","112",0.861419467571179,0.878651520149967,0.822252320660706,0.933967391304348,0.535820965921534
"55","DGF","112",0.865096239164562,0.868478260869565,0.828804347826087,0.942527173913043,0.530614902837484
"56","DGF","112",0.860422842555995,0.86973971939034,0.821467391304348,0.935190217391304,0.524552018345666
"57","DGF","112",0.859680106088054,0.849739571199541,0.823239285992067,0.936684782608696,0.5260586905129
"58","DGF","112",0.845137761127925,0.875631999341238,0.822554347826087,0.941711956521739,0.535922146318482
"59","DGF","112",0.83871316479474,0.868912369559688,0.805978260869565,0.938315217391304,0.503310849880662
"60","DGF","112",0.833610733695652,0.851196163944267,0.808695652173913,0.932201086956522,0.529290079599419
"61","DGF","112",0.836325208607817,0.853006137122005,0.817618454704536,0.938858695652174,0.527350565758601
"62","DGF","112",0.834782608695652,0.847022095912994,0.820923913043478,0.93695652173913,0.519825071949841
"63","DGF","112",0.824456521739131,0.86249326961906,0.799456521739131,0.93179347826087,0.538015042955199
"64","DGF","112",0.842663043478261,0.865991371464974,0.810652798600699,0.936141304347826,0.53679257777852
"65","DGF","112",0.861413043478261,0.872554347826087,0.816746325418851,0.935869565217391,0.535985496683145
"66","DGF","112",0.850339097217096,0.856387241985068,0.796795262173667,0.933559782608696,0.520868071788479
"67","DGF","112",0.847164440783415,0.8460551554718,0.777822124094203,0.927445652173913,0.522493696313711
"68","DGF","112",0.850815217391304,0.851952924247096,0.781056845304003,0.939130434782609,0.53470213756758
"69","DGF","112",0.856521739130435,0.843478260869565,0.782608695652174,0.928532608695652,0.533423904790954
"70","DGF","112",0.845108695652174,0.849184782608696,0.78179347826087,0.940625,0.526676753952569
"71","DGF","112",0.845420762812067,0.846195652173913,0.766511307039978,0.936277173913043,0.518798377799736
"72","DGF","112",0.846979179870706,0.833263880086196,0.772010869565217,0.928940217391304,0.551975366805761
"73","DGF","112",0.753532608695652,0.854268934081346,0.761854619565217,0.931385869565217,0.522571525524901
"74","DGF","112",0.75395256916996,0.839623432985234,0.757065217391304,0.929076086956522,0.512224546940847
"75","DGF","112",0.75694491183201,0.861976667650894,0.766177398989899,0.939130434782609,0.548074331974638
"76","DGF","112",0.746714063384267,0.842391304347826,0.760143412463422,0.929755434782609,0.543662852325287
"77","DGF","112",0.758695652173913,0.862284518201892,0.763858695652174,0.927989130434783,0.525491440694757
"78","DGF","112",0.753804347826087,0.854116720925727,0.765217391304348,0.932880434782609,0.526294577430386
"79","DGF","112",0.763315217391304,0.862162668665667,0.773097826086957,0.935869565217391,0.532518032761228
"80","DGF","112",0.758592720685112,0.866578455053519,0.773760150066811,0.930163043478261,0.533575706248183
"81","DGF","112",0.756764032844259,0.857672294172063,0.765760869565217,0.927309782608696,0.52832664753629
"82","DGF","112",0.758423913043478,0.854265378920447,0.765540081521739,0.928940217391304,0.526694533555316
"83","DGF","112",0.746688650376539,0.841304347826087,0.754891304347826,0.930163043478261,0.516901366888779
"84","DGF","112",0.739175724637681,0.850423172701575,0.768206521739131,0.923097826086956,0.528771060381104
"85","DGF","112",0.758967391304348,0.864481558378114,0.752717391304348,0.931929347826087,0.525894085634127
"86","DGF","112",0.75825165984241,0.852986823650993,0.754619565217391,0.931929347826087,0.518591039824511
"87","DGF","112",0.752445652173913,0.86875,0.75356905184434,0.930027173913043,0.518648034806808
"88","DGF","112",0.76519719928105,0.869021739130435,0.754468125042659,0.937635869565217,0.549718369226493
"89","DGF","112",0.745652173913044,0.864673913043478,0.740138006839277,0.929619565217391,0.53010182590826
"90","DGF","112",0.746450046253469,0.863842787859042,0.745108695652174,0.936141304347826,0.517956530184791
"91","DGF","112",0.752165678524374,0.76973214326139,0.748097826086956,0.93383152173913,0.539130434782609
"92","DGF","112",0.754488317065957,0.7460694091674,0.747554347826087,0.933559782608696,0.525021175557732
"93","DGF","112",0.754076086956522,0.75579002731232,0.75,0.935597826086957,0.532171421573596
"94","DGF","112",0.759510869565217,0.747043807641634,0.75275990831115,0.933016304347826,0.541666024624099
"95","DGF","112",0.767119565217391,0.763434806655169,0.754213483146067,0.940217391304348,0.527999059447221
"96","DGF","112",0.751392374695504,0.744154428338102,0.746739130434782,0.934103260869565,0.520095615669171
"97","DGF","112",0.759984682955636,0.742905791137099,0.750208687040181,0.939402173913043,0.517318026380069
"98","DGF","112",0.756442078196895,0.756258465841974,0.755174269826038,0.93383152173913,0.52000330182723
"99","DGF","112",0.745923913043478,0.738409590531598,0.739220245564824,0.933152173913044,0.538666144448098
"100","DGF","112",0.751245478724717,0.75717945477172,0.74151295133438,0.933288043478261,0.534108883058471
